 [
    {"name": "Астана", "region": "г. Астана", "lat": 51.1694, "lng": 71.4491},
    {"name": "Алматы", "region": "г. Алматы", "lat": 43.2220, "lng": 76.8512},
    {"name": "Шымкент", "region": "г. Шымкент", "lat": 42.3000, "lng": 69.5900},
    
    {"name": "Кокшетау", "region": "Акмолинская область", "lat": 53.2872, "lng": 69.3756},
    {"name": "Степногорск", "region": "Акмолинская область", "lat": 52.3500, "lng": 71.8833},
    {"name": "Щучинск", "region": "Акмолинская область", "lat": 52.9333, "lng": 70.2000},
    
    {"name": "Актобе", "region": "Актюбинская область", "lat": 50.2839, "lng": 57.1670},
    {"name": "Хромтау", "region": "Актюбинская область", "lat": 50.2500, "lng": 58.4333},
    
    {"name": "Алматы", "region": "Алматинская область", "lat": 43.2220, "lng": 76.8512},
    {"name": "Талдыкорган", "region": "Алматинская область", "lat": 45.0150, "lng": 78.3730},
    {"name": "Капшагай", "region": "Алматинская область", "lat": 43.8833, "lng": 77.0667},
    {"name": "Есик", "region": "Алматинская область", "lat": 43.3586, "lng": 77.4539},
    
    {"name": "Атырау", "region": "Атырауская область", "lat": 47.1164, "lng": 51.8830},
    {"name": "Кульсары", "region": "Атырауская область", "lat": 46.9667, "lng": 54.0167},
    
    {"name": "Усть-Каменогорск", "region": "Восточно-Казахстанская область", "lat": 49.9787, "lng": 82.6147},
    {"name": "Семей", "region": "Восточно-Казахстанская область", "lat": 50.4111, "lng": 80.2275},
    {"name": "Риддер", "region": "Восточно-Казахстанская область", "lat": 50.3500, "lng": 83.5167},
    {"name": "Зыряновск", "region": "Восточно-Казахстанская область", "lat": 49.7333, "lng": 84.2667},
    
    {"name": "Тараз", "region": "Жамбылская область", "lat": 42.9000, "lng": 71.3667},
    {"name": "Каратау", "region": "Жамбылская область", "lat": 43.1667, "lng": 70.4667},
    
    {"name": "Уральск", "region": "Западно-Казахстанская область", "lat": 51.2167, "lng": 51.3667},
    {"name": "Аксай", "region": "Западно-Казахстанская область", "lat": 51.1667, "lng": 53.0000},
    
    {"name": "Караганда", "region": "Карагандинская область", "lat": 49.8047, "lng": 73.1094},
    {"name": "Темirtау", "region": "Карагандинская область", "lat": 50.0500, "lng": 72.9667},
    {"name": "Жезказган", "region": "Карагандинская область", "lat": 47.7833, "lng": 67.7667},
    {"name": "Сатпаев", "region": "Карагандинская область", "lat": 47.9000, "lng": 67.5333},
    {"name": "Балхаш", "region": "Карагандинская область", "lat": 46.8500, "lng": 75.0000},
    {"name": "Шахтинск", "region": "Карагандинская область", "lat": 49.7000, "lng": 72.5833},
    
    {"name": "Костанай", "region": "Костанайская область", "lat": 53.2142, "lng": 63.6246},
    {"name": "Рудный", "region": "Костанайская область", "lat": 52.9667, "lng": 63.1167},
    {"name": "Аркалык", "region": "Костанайская область", "lat": 50.2500, "lng": 66.9167},
    {"name": "Лисаковск", "region": "Костанайская область", "lat": 52.5333, "lng": 62.5000},
    
    {"name": "Кызылорда", "region": "Кызылординская область", "lat": 44.8528, "lng": 65.5094},
    {"name": "Байконур", "region": "Кызылординская область", "lat": 45.6167, "lng": 63.3167},
    
    {"name": "Актау", "region": "Мангистауская область", "lat": 43.6500, "lng": 51.2000},
    {"name": "Жанаозен", "region": "Мангистауская область", "lat": 43.3333, "lng": 52.8667},
    
    {"name": "Павлодар", "region": "Павлодарская область", "lat": 52.2873, "lng": 76.9674},
    {"name": "Аксу", "region": "Павлодарская область", "lat": 52.0333, "lng": 76.9167},
    {"name": "Экибастуз", "region": "Павлодарская область", "lat": 51.7167, "lng": 75.3167},
    
    {"name": "Петропавловск", "region": "Северо-Казахстанская область", "lat": 54.8667, "lng": 69.1500},
    
    {"name": "Туркестан", "region": "Туркестанская область", "lat": 43.3000, "lng": 68.2667},
    {"name": "Кентау", "region": "Туркестанская область", "lat": 43.5167, "lng": 68.5000},
    
    {"name": "Жезказган", "region": "Улытауская область", "lat": 47.7833, "lng": 67.7667},
    
    {"name": "Семей", "region": "Абайская область", "lat": 50.4111, "lng": 80.2275},
    
    {"name": "Талдыкорган", "region": "Жетысуйская область", "lat": 45.0150, "lng": 78.3730}
  ]
